geo_level,geo_name,pct_black_alone,race_or_ethnicity,number_of_employees,number_of_employer_firms,quartiles_number_of_employees,quartiles_number_of_employer_firms,percentile_number_of_employees,percentile_number_of_employer_firms
state,Arizona,4.5,Black,8500,133,26-50% of geographies,26-50% of geographies,50,32
state,Kentucky,8,Hispanic,6452,743,26-50% of geographies,26-50% of geographies,36,38
state,Kentucky,8,White,625057,50820,26-50% of geographies,26-50% of geographies,46,40
state,Kentucky,8,Asian,23022,2141,26-50% of geographies,26-50% of geographies,42,40
state,Kentucky,8,Black,6604,302,26-50% of geographies,26-50% of geographies,42,44
state,Delaware,22,Black,5093,429,26-50% of geographies,26-50% of geographies,36,50
state,Alabama,26.5,Hispanic,7577,407,26-50% of geographies,26-50% of geographies,38,30
state,Mississippi,37.5,Asian,16957,1803,26-50% of geographies,26-50% of geographies,32,38
state,Mississippi,37.5,Hispanic,3720,12,26-50% of geographies,Bottom 25% of geographies,30,14
state,Mississippi,37.5,White,377193,32022,26-50% of geographies,26-50% of geographies,30,28
state,West Virginia,3.4,Black,1712,52,26-50% of geographies,26-50% of geographies,26,28
state,Nebraska,4.8,White,431597,36377,26-50% of geographies,26-50% of geographies,32,32
state,Nebraska,4.8,Hispanic,3716,723,26-50% of geographies,26-50% of geographies,28,36
state,Wisconsin,6.3,Black,6482,274,26-50% of geographies,26-50% of geographies,40,42
state,Wisconsin,6.3,Hispanic,8980,900,26-50% of geographies,26-50% of geographies,42,42
state,Wisconsin,6.3,Asian,26340,2417,26-50% of geographies,26-50% of geographies,44,44
state,South Carolina,26.2,Hispanic,10754,1230,26-50% of geographies,51-75% of geographies,44,52
state,Utah,1.2,Asian,17747,1741,26-50% of geographies,26-50% of geographies,34,36
state,Utah,1.2,White,685985,58304,26-50% of geographies,26-50% of geographies,48,50
state,Colorado,4.1,Black,6123,762,26-50% of geographies,51-75% of geographies,38,60
state,Kansas,5.6,Hispanic,7683,987,26-50% of geographies,26-50% of geographies,40,46
state,Kansas,5.6,Black,2470,0,26-50% of geographies,Bottom 25% of geographies,28,0
state,Kansas,5.6,Asian,16327,854,26-50% of geographies,Bottom 25% of geographies,30,24
state,Kansas,5.6,White,504690,44802,26-50% of geographies,26-50% of geographies,38,38
state,Minnesota,6.6,Hispanic,12177,765,26-50% of geographies,26-50% of geographies,46,40
state,Arkansas,15.2,Hispanic,5850,80,26-50% of geographies,Bottom 25% of geographies,34,22
state,Arkansas,15.2,Black,4626,572,26-50% of geographies,51-75% of geographies,34,52
state,Arkansas,15.2,White,444397,39969,26-50% of geographies,26-50% of geographies,34,36
state,Arkansas,15.2,Asian,15349,1682,26-50% of geographies,26-50% of geographies,28,34
state,Idaho,0.7,Hispanic,5222,931,26-50% of geographies,26-50% of geographies,32,44
state,Idaho,0.7,White,337350,35113,26-50% of geographies,26-50% of geographies,28,30
state,Maine,1.4,Black,3520,10,26-50% of geographies,Bottom 25% of geographies,32,12
state,Oregon,1.9,Black,7036,268,26-50% of geographies,26-50% of geographies,44,40
state,Oregon,1.9,White,719726,74192,26-50% of geographies,51-75% of geographies,50,58
state,Louisiana,31.9,Hispanic,12922,1471,26-50% of geographies,51-75% of geographies,50,58
state,Louisiana,31.9,Asian,33593,3243,26-50% of geographies,26-50% of geographies,48,50
state,District of Columbia,44.7,Asian,18485,1460,26-50% of geographies,26-50% of geographies,36,32
state,District of Columbia,44.7,Hispanic,3498,276,26-50% of geographies,26-50% of geographies,26,28
state,Iowa,3.7,White,587309,52370,26-50% of geographies,26-50% of geographies,40,44
state,Iowa,3.7,Asian,9833,963,26-50% of geographies,26-50% of geographies,26,26
state,Nevada,9.3,Black,7920,416,26-50% of geographies,26-50% of geographies,46,48
state,Nevada,9.3,White,478579,38734,26-50% of geographies,26-50% of geographies,36,34
state,Connecticut,10.8,Asian,34505,4498,26-50% of geographies,51-75% of geographies,50,56
state,Connecticut,10.8,Hispanic,12803,1356,26-50% of geographies,51-75% of geographies,48,54
state,Connecticut,10.8,White,598309,52187,26-50% of geographies,26-50% of geographies,42,42
state,Missouri,11.3,Asian,29904,3141,26-50% of geographies,26-50% of geographies,46,48
state,New Mexico,2.1,White,270598,20231,26-50% of geographies,Bottom 25% of geographies,26,20
state,New Mexico,2.1,Asian,22322,1324,26-50% of geographies,26-50% of geographies,40,30
state,New Mexico,2.1,Black,3170,17,26-50% of geographies,Bottom 25% of geographies,30,22
state,Oklahoma,7.2,Black,8100,144,26-50% of geographies,26-50% of geographies,48,34
state,Oklahoma,7.2,Asian,21070,2398,26-50% of geographies,26-50% of geographies,38,42
state,Oklahoma,7.2,White,615996,53280,26-50% of geographies,26-50% of geographies,44,46
state,Arizona,4.5,White,1067416,83332,51-75% of geographies,51-75% of geographies,66,64
state,Arizona,4.5,Asian,54132,6297,51-75% of geographies,51-75% of geographies,68,70
state,Pennsylvania,11,Black,23548,2122,51-75% of geographies,51-75% of geographies,72,74
state,Pennsylvania,11,Hispanic,22323,2770,51-75% of geographies,51-75% of geographies,64,74
state,Tennessee,16.5,Hispanic,15039,656,51-75% of geographies,26-50% of geographies,54,34
state,Tennessee,16.5,White,1033828,74755,51-75% of geographies,51-75% of geographies,62,60
state,Tennessee,16.5,Asian,51864,5256,51-75% of geographies,51-75% of geographies,64,60
state,Tennessee,16.5,Black,21400,1785,51-75% of geographies,51-75% of geographies,66,72
state,Alabama,26.5,Asian,40202,4282,51-75% of geographies,51-75% of geographies,56,54
state,Alabama,26.5,White,830025,56240,51-75% of geographies,26-50% of geographies,54,48
state,Alabama,26.5,Black,16039,1662,51-75% of geographies,51-75% of geographies,60,70
state,Mississippi,37.5,Black,9925,1241,51-75% of geographies,51-75% of geographies,54,62
state,Washington,3.9,Black,9746,597,51-75% of geographies,51-75% of geographies,52,54
state,Washington,3.9,Hispanic,34502,5289,51-75% of geographies,Top 25% of geographies,76,80
state,Washington,3.9,White,1254096,116429,51-75% of geographies,Top 25% of geographies,74,78
state,Wisconsin,6.3,White,1234559,91230,51-75% of geographies,51-75% of geographies,72,70
state,Massachusetts,7.3,Asian,76082,9020,51-75% of geographies,51-75% of geographies,72,74
state,Massachusetts,7.3,Hispanic,19440,2703,51-75% of geographies,51-75% of geographies,60,68
state,Massachusetts,7.3,White,1262924,112233,51-75% of geographies,51-75% of geographies,76,74
state,Massachusetts,7.3,Black,19396,1516,51-75% of geographies,51-75% of geographies,64,64
state,Michigan,13.6,Hispanic,27814,1570,51-75% of geographies,51-75% of geographies,72,60
state,North Carolina,21.2,Asian,92348,9416,51-75% of geographies,51-75% of geographies,76,76
state,South Carolina,26.2,Black,15664,755,51-75% of geographies,51-75% of geographies,58,58
state,South Carolina,26.2,White,782596,65001,51-75% of geographies,51-75% of geographies,52,54
state,South Carolina,26.2,Asian,39915,4151,51-75% of geographies,51-75% of geographies,54,52
state,Utah,1.2,Hispanic,14828,2646,51-75% of geographies,51-75% of geographies,52,66
state,Colorado,4.1,White,1071526,116115,51-75% of geographies,51-75% of geographies,68,76
state,Colorado,4.1,Asian,44186,5517,51-75% of geographies,51-75% of geographies,60,64
state,Minnesota,6.6,White,1049843,82241,51-75% of geographies,51-75% of geographies,64,62
state,Minnesota,6.6,Black,22231,404,51-75% of geographies,26-50% of geographies,70,46
state,Minnesota,6.6,Asian,39249,2875,51-75% of geographies,26-50% of geographies,52,46
state,Hawaii,1.9,Asian,81468,9643,51-75% of geographies,Top 25% of geographies,74,78
state,Oregon,1.9,Hispanic,17136,2706,51-75% of geographies,51-75% of geographies,58,70
state,Oregon,1.9,Asian,43918,5369,51-75% of geographies,51-75% of geographies,58,62
state,Louisiana,31.9,White,853588,62714,51-75% of geographies,51-75% of geographies,56,52
state,Louisiana,31.9,Black,22055,667,51-75% of geographies,51-75% of geographies,68,56
state,District of Columbia,44.7,Black,17291,1525,51-75% of geographies,51-75% of geographies,62,66
state,Nevada,9.3,Hispanic,26978,1929,51-75% of geographies,51-75% of geographies,66,64
state,Nevada,9.3,Asian,52790,5705,51-75% of geographies,51-75% of geographies,66,66
state,Connecticut,10.8,Black,13500,166,51-75% of geographies,26-50% of geographies,56,38
state,Missouri,11.3,White,998474,88022,51-75% of geographies,51-75% of geographies,60,68
state,Missouri,11.3,Black,24445,3417,51-75% of geographies,Top 25% of geographies,74,82
state,Missouri,11.3,Hispanic,20200,1023,51-75% of geographies,26-50% of geographies,62,48
state,Ohio,12.3,Asian,64976,6029,51-75% of geographies,51-75% of geographies,70,68
state,Ohio,12.3,Hispanic,16535,1573,51-75% of geographies,51-75% of geographies,56,62
state,Oklahoma,7.2,Hispanic,26991,1407,51-75% of geographies,51-75% of geographies,68,56
state,Indiana,9.4,Asian,48602,4624,51-75% of geographies,51-75% of geographies,62,58
state,Indiana,9.4,White,1158346,86150,51-75% of geographies,51-75% of geographies,70,66
state,Indiana,9.4,Black,24536,1551,51-75% of geographies,51-75% of geographies,76,68
state,Indiana,9.4,Hispanic,28809,1072,51-75% of geographies,26-50% of geographies,74,50
state,Maryland,29.8,Hispanic,27335,2715,51-75% of geographies,51-75% of geographies,70,72
state,Maryland,29.8,White,918446,71867,51-75% of geographies,51-75% of geographies,58,56
state,Arizona,4.5,Hispanic,87517,6270,Top 25% of geographies,Top 25% of geographies,92,88
state,Pennsylvania,11,Asian,116448,14831,Top 25% of geographies,Top 25% of geographies,84,84
state,Pennsylvania,11,White,2352247,180443,Top 25% of geographies,Top 25% of geographies,92,90
state,Virginia,19,White,1280587,104549,Top 25% of geographies,51-75% of geographies,78,72
state,Virginia,19,Asian,164705,18664,Top 25% of geographies,Top 25% of geographies,90,86
state,Virginia,19,Hispanic,51692,6068,Top 25% of geographies,Top 25% of geographies,86,82
state,Virginia,19,Black,64541,4630,Top 25% of geographies,Top 25% of geographies,92,86
state,Georgia,31.5,Asian,147846,21468,Top 25% of geographies,Top 25% of geographies,86,90
state,Georgia,31.5,Hispanic,38101,6120,Top 25% of geographies,Top 25% of geographies,78,86
state,Georgia,31.5,White,1462520,125762,Top 25% of geographies,Top 25% of geographies,80,80
state,Georgia,31.5,Black,58226,9092,Top 25% of geographies,Top 25% of geographies,86,92
state,Washington,3.9,Asian,109648,14520,Top 25% of geographies,Top 25% of geographies,80,82
state,Texas,12.1,Asian,449417,52003,Top 25% of geographies,Top 25% of geographies,96,96
state,Texas,12.1,Black,112227,9585,Top 25% of geographies,Top 25% of geographies,100,94
state,Texas,12.1,Hispanic,619022,53884,Top 25% of geographies,Top 25% of geographies,98,96
state,Texas,12.1,White,4098519,289178,Top 25% of geographies,Top 25% of geographies,98,94
state,Michigan,13.6,White,1864770,141645,Top 25% of geographies,Top 25% of geographies,86,86
state,Michigan,13.6,Black,29612,2349,Top 25% of geographies,51-75% of geographies,80,76
state,Michigan,13.6,Asian,97840,8403,Top 25% of geographies,51-75% of geographies,78,72
state,Illinois,14.1,Asian,150121,19059,Top 25% of geographies,Top 25% of geographies,88,88
state,Illinois,14.1,Black,36140,3751,Top 25% of geographies,Top 25% of geographies,82,84
state,Illinois,14.1,Hispanic,74240,12472,Top 25% of geographies,Top 25% of geographies,90,92
state,Illinois,14.1,White,2335639,190880,Top 25% of geographies,Top 25% of geographies,90,92
state,North Carolina,21.2,Hispanic,41573,5218,Top 25% of geographies,Top 25% of geographies,80,78
state,North Carolina,21.2,Black,66654,6152,Top 25% of geographies,Top 25% of geographies,96,90
state,North Carolina,21.2,White,1706395,138966,Top 25% of geographies,Top 25% of geographies,84,84
state,Colorado,4.1,Hispanic,42411,6107,Top 25% of geographies,Top 25% of geographies,82,84
state,New York,15.2,Hispanic,123094,21982,Top 25% of geographies,Top 25% of geographies,94,94
state,New York,15.2,Black,63854,9664,Top 25% of geographies,Top 25% of geographies,88,96
state,New York,15.2,White,3418382,321955,Top 25% of geographies,Top 25% of geographies,96,98
state,New York,15.2,Asian,452150,68427,Top 25% of geographies,Top 25% of geographies,98,98
state,Florida,15.7,Black,66432,11337,Top 25% of geographies,Top 25% of geographies,94,100
state,Florida,15.7,White,3363829,320840,Top 25% of geographies,Top 25% of geographies,94,96
state,Florida,15.7,Hispanic,448918,71421,Top 25% of geographies,Top 25% of geographies,96,98
state,Florida,15.7,Asian,221603,24935,Top 25% of geographies,Top 25% of geographies,94,92
state,Ohio,12.3,Black,57456,2940,Top 25% of geographies,Top 25% of geographies,84,80
state,Ohio,12.3,White,2068750,146224,Top 25% of geographies,Top 25% of geographies,88,88
state,New Jersey,13.3,Black,25957,2708,Top 25% of geographies,Top 25% of geographies,78,78
state,New Jersey,13.3,Hispanic,64603,11582,Top 25% of geographies,Top 25% of geographies,88,90
state,New Jersey,13.3,Asian,207050,26778,Top 25% of geographies,Top 25% of geographies,92,94
state,New Jersey,13.3,White,1640368,135567,Top 25% of geographies,Top 25% of geographies,82,82
state,New Mexico,2.1,Hispanic,47957,5122,Top 25% of geographies,51-75% of geographies,84,76
state,California,5.7,Asian,1344892,158534,Top 25% of geographies,Top 25% of geographies,100,100
state,California,5.7,White,5568564,461855,Top 25% of geographies,Top 25% of geographies,100,100
state,California,5.7,Black,75002,10507,Top 25% of geographies,Top 25% of geographies,98,98
state,California,5.7,Hispanic,667979,77518,Top 25% of geographies,Top 25% of geographies,100,100
state,Maryland,29.8,Asian,110271,13953,Top 25% of geographies,Top 25% of geographies,82,80
state,Maryland,29.8,Black,64075,6064,Top 25% of geographies,Top 25% of geographies,90,88
state,Delaware,22,White,130211,14229,Bottom 25% of geographies,Bottom 25% of geographies,8,8
state,Delaware,22,Hispanic,1890,0,Bottom 25% of geographies,Bottom 25% of geographies,14,0
state,Delaware,22,Asian,8540,1218,Bottom 25% of geographies,26-50% of geographies,24,28
state,West Virginia,3.4,Hispanic,2700,16,Bottom 25% of geographies,Bottom 25% of geographies,18,18
state,West Virginia,3.4,Asian,5833,47,Bottom 25% of geographies,Bottom 25% of geographies,20,6
state,West Virginia,3.4,White,242720,19206,Bottom 25% of geographies,Bottom 25% of geographies,22,18
state,Nebraska,4.8,Black,1570,19,Bottom 25% of geographies,Bottom 25% of geographies,24,24
state,Nebraska,4.8,Asian,5638,570,Bottom 25% of geographies,Bottom 25% of geographies,18,22
state,Montana,0.6,Hispanic,1870,14,Bottom 25% of geographies,Bottom 25% of geographies,12,16
state,Montana,0.6,Black,40,0,Bottom 25% of geographies,Bottom 25% of geographies,2,0
state,Montana,0.6,Asian,2850,82,Bottom 25% of geographies,Bottom 25% of geographies,6,8
state,Montana,0.6,White,198628,27651,Bottom 25% of geographies,Bottom 25% of geographies,18,24
state,Utah,1.2,Black,388,83,Bottom 25% of geographies,26-50% of geographies,12,30
state,Idaho,0.7,Asian,5154,392,Bottom 25% of geographies,Bottom 25% of geographies,12,16
state,Idaho,0.7,Black,240,12,Bottom 25% of geographies,Bottom 25% of geographies,10,14
state,Maine,1.4,White,221856,27686,Bottom 25% of geographies,26-50% of geographies,20,26
state,Maine,1.4,Hispanic,320,0,Bottom 25% of geographies,Bottom 25% of geographies,0,0
state,Maine,1.4,Asian,4518,401,Bottom 25% of geographies,Bottom 25% of geographies,10,18
state,Hawaii,1.9,Hispanic,2370,97,Bottom 25% of geographies,Bottom 25% of geographies,16,24
state,Hawaii,1.9,White,155825,10085,Bottom 25% of geographies,Bottom 25% of geographies,12,2
state,Hawaii,1.9,Black,510,14,Bottom 25% of geographies,Bottom 25% of geographies,14,16
state,District of Columbia,44.7,White,107854,7727,Bottom 25% of geographies,Bottom 25% of geographies,2,0
state,South Dakota,2.2,Black,20,0,Bottom 25% of geographies,Bottom 25% of geographies,0,0
state,South Dakota,2.2,White,155154,18841,Bottom 25% of geographies,Bottom 25% of geographies,10,16
state,South Dakota,2.2,Hispanic,640,0,Bottom 25% of geographies,Bottom 25% of geographies,2,0
state,South Dakota,2.2,Asian,1540,20,Bottom 25% of geographies,Bottom 25% of geographies,2,0
state,Alaska,3.2,Black,650,0,Bottom 25% of geographies,Bottom 25% of geographies,18,0
state,Alaska,3.2,Asian,3270,139,Bottom 25% of geographies,Bottom 25% of geographies,8,10
state,Alaska,3.2,White,110170,12683,Bottom 25% of geographies,Bottom 25% of geographies,4,4
state,Alaska,3.2,Hispanic,1350,0,Bottom 25% of geographies,Bottom 25% of geographies,8,0
state,Iowa,3.7,Black,590,16,Bottom 25% of geographies,Bottom 25% of geographies,16,18
state,Iowa,3.7,Hispanic,3140,0,Bottom 25% of geographies,Bottom 25% of geographies,22,0
state,Rhode Island,6.4,Asian,5595,447,Bottom 25% of geographies,Bottom 25% of geographies,16,20
state,Rhode Island,6.4,White,166390,16645,Bottom 25% of geographies,Bottom 25% of geographies,16,12
state,Rhode Island,6.4,Hispanic,2978,437,Bottom 25% of geographies,26-50% of geographies,20,32
state,Rhode Island,6.4,Black,1508,160,Bottom 25% of geographies,26-50% of geographies,22,36
state,New Hampshire,1.6,Black,1220,16,Bottom 25% of geographies,Bottom 25% of geographies,20,18
state,New Hampshire,1.6,Asian,7845,382,Bottom 25% of geographies,Bottom 25% of geographies,22,14
state,New Hampshire,1.6,White,270134,25415,Bottom 25% of geographies,Bottom 25% of geographies,24,22
state,New Hampshire,1.6,Hispanic,1055,133,Bottom 25% of geographies,26-50% of geographies,6,26
state,North Dakota,3.1,Black,40,0,Bottom 25% of geographies,Bottom 25% of geographies,2,0
state,North Dakota,3.1,White,159352,16777,Bottom 25% of geographies,Bottom 25% of geographies,14,14
state,North Dakota,3.1,Asian,5203,41,Bottom 25% of geographies,Bottom 25% of geographies,14,4
state,North Dakota,3.1,Hispanic,943,70,Bottom 25% of geographies,Bottom 25% of geographies,4,20
state,Wyoming,0.9,Asian,2777,144,Bottom 25% of geographies,Bottom 25% of geographies,4,12
state,Wyoming,0.9,Black,75,23,Bottom 25% of geographies,26-50% of geographies,8,26
state,Wyoming,0.9,Hispanic,1620,0,Bottom 25% of geographies,Bottom 25% of geographies,10,0
state,Wyoming,0.9,White,97051,14449,Bottom 25% of geographies,Bottom 25% of geographies,0,10
state,Vermont,1.3,White,114132,13927,Bottom 25% of geographies,Bottom 25% of geographies,6,6
state,Vermont,1.3,Asian,1520,20,Bottom 25% of geographies,Bottom 25% of geographies,0,0
state,Vermont,1.3,Hispanic,3220,0,Bottom 25% of geographies,Bottom 25% of geographies,24,0
state,Vermont,1.3,Black,60,0,Bottom 25% of geographies,Bottom 25% of geographies,6,0
